Region,TotalOrders,TotalSales,TotalProfit,AvgProfit,TotalQuantity
Central,4221,3853691.953099923,510508.7983999942,29.992879290288126,64344
East,4496,4522990.0624999255,552491.1379999905,27.546050655630975,75755
South,3503,2706437.5374999535,321804.96159999905,27.422663962505244,44815
West,4576,5306522.057299955,682912.6673999871,29.522422073317788,88068
