ShipMode,TotalOrders,TotalSales,TotalProfit
First Class,787,351428.4229000002,48969.83990000002
Same Day,264,128363.125,15891.758899999984
Second Class,964,459193.5693999998,57446.63539999997
Standard Class,2994,1358215.7429999826,164088.7874999997
